,bench,bed,giraffe,zebra,airplane,toilet,train,cow,boat,banana,elephant,bus,horse,pizza,broccoli,teddy bear,cake,cat,umbrella,oven,bird,vase,motorcycle,sandwich
0,0.2400012040424755,0.08489936617369065,0.10730421686746988,0.11250232731334947,0.11854338842975207,0.0,0.15760070567480153,0.11732496167043878,0.006401137980085348,0.10804161754907488,0.16908147449289035,0.07150352271023834,0.21274687843857204,0.0801613369457267,0.0023148148148148147,0.08617648847533906,0.07873213550251809,0.07352812143546547,0.14199609998227264,0.09810575696816373,0.0822090006901238,0.09558627742522488,0.06499533340246812,0.029410738582841992
1,0.009195604363839293,0.050824454077705306,0.1905120481927711,0.10756842301247439,0.20565573770491805,0.041206923599853576,0.1361744870139188,0.1596677434240886,0.0,0.05706163293154423,0.16800323471932072,0.06578912866769804,0.26025663832362406,0.08090686932272848,0.2428556251991926,0.1041172535425409,0.08452786221494482,0.07338188412155246,0.113882863340564,0.1172078869812723,0.12399519062764858,0.12864675304444723,0.08363880948377334,0.05880916858809169
2,0.18505730304277623,0.04523356156058826,0.11978531349109539,0.11445727052690374,0.2068698347107438,0.08649394148359768,0.1280677622529501,0.1830327809009272,0.10110876451953538,0.04616784171025699,0.22125358640476717,0.06578912866769804,0.2538939051586671,0.04035387436597362,0.08641864634692963,0.08270450751252087,0.055648116952462176,0.09039486957774895,0.16719506090438846,0.09711225830269743,0.06281608332081519,0.03151784572086478,0.08437867832520599,0.07011331444759207
3,0.07608463508974193,0.08798632589939769,0.15896694486429652,0.08797026752217664,0.16458522291216074,0.031663441928567695,0.12010331467929401,0.1325334563913244,0.0,0.05706163293154423,0.22610902670492164,0.06578912866769804,0.1753568263038292,0.07821447410799803,0.0,0.11171927263881287,0.057970761314960054,0.07317715188207423,0.1349073919572835,0.04097548286891265,0.06166441339942917,0.08852586267729871,0.06504718448615576,0.08002832861189801
4,0.21888242625675114,0.10121276249389549,0.1454959957911966,0.08797026752217664,0.1728240450845335,0.10639368177473715,0.17505248678780858,0.15597600369173972,0.08660303994344291,0.11152683101839987,0.156412157153447,0.03678343949044586,0.1668922883940222,0.08263733445982309,0.05324966382787987,0.08787934075290398,0.05797736518224304,0.0728846772542482,0.0001772735330615139,0.09836703199027162,0.10531292432851164,0.03444137861723254,0.08054829364798982,0.08373164009350033
